<?xml version="1.0" encoding="utf-8"?>
<!DOCTYPE extension SYSTEM "ext-1.0.dtd">

<!--
/**
 * Allows administrators to add users
 *
 * @copyright Copyright (C) 2008-2011 PunBB
 * @license http://www.gnu.org/licenses/gpl.html GPL version 2 or higher
 * @package pun_admin_add_user
 */
-->

<extension engine="1.0">
	<id>pun_admin_add_user</id>
	<title>Admin add user</title>
	<version>1.4.1</version>
	<description>Admin may add new user using the form in the bottom of User list.</description>
	<author>PunBB Development Team</author>

	<minversion>1.4RC1</minversion>
	<maxtestedon>1.4.2</maxtestedon>

	<hooks>
		<hook id="ul_start"><![CDATA[
			if ($forum_user['g_id'] == FORUM_ADMIN)
			{
				$errors_add_users = array();
				if (isset($_POST['add_user_form_sent']) && $_POST['add_user_form_sent'] == 1)
				{
					$forum_extension['admin_add_user']['user_added'] = false;

					require_once FORUM_ROOT.'include/functions.php';
					require_once FORUM_ROOT.'lang/'.$forum_user['language'].'/profile.php';

					$username = trim($_POST['req_username']);
					$email = strtolower(trim($_POST['req_email']));

					// Validate the username
					$errors_add_users = validate_username($username);

					// ... and the e-mail address
					require_once FORUM_ROOT.'include/email.php';

					if (!is_valid_email($email))
					   $errors_add_users[] = $lang_common['Invalid e-mail'];

					// Check if it's a banned e-mail address
					$banned_email = is_banned_email($email);
					if ($banned_email && $forum_config['p_allow_banned_email'] == '0')
						$errors_add_users[] = $lang_profile['Banned e-mail'];

					// Check if someone else already has registered with that e-mail address
					$q = array(
						'SELECT'	=> 'COUNT(u.username)',
						'FROM'	  	=> 'users AS u',
						'WHERE'		=> 'u.email=\''.$forum_db->escape($email).'\''
					);

					$result = $forum_db->query_build( $q ) or error(__FILE__, __LINE__);

					if (($forum_config['p_allow_dupe_email'] == '0') && ($forum_db->result($result) > 0))
						$errors_add_users[] = $lang_profile['Dupe e-mail'];

					if (empty($errors_add_users))
					{
						$salt = random_key(12);
						$password = random_key(8, true);
						$password_hash = sha1($salt.sha1($password));

						$errors = add_user(
							array(
								'username'				=> $username,
								'group_id'				=> ($forum_config['o_regs_verify'] == '0') ? $forum_config['o_default_user_group'] : FORUM_UNVERIFIED,
								'salt'					=> $salt,
								'password'				=> $password,
								'password_hash'			=> $password_hash,
								'email'					=> $email,
								'email_setting'			=> 1,
								'save_pass'				=> 0,
								'timezone'				=> $forum_config['o_default_timezone'],
								'dst'					=> 0,
								'language'				=> $forum_config['o_default_lang'],
								'style'					=> $forum_config['o_default_style'],
								'registered'			=> time(),
								'registration_ip'		=> get_remote_address(),
								'activate_key'			=> ($forum_config['o_regs_verify'] == '1') ? '\''.random_key(8, true).'\'' : 'NULL',
								'require_verification'	=> ($forum_config['o_regs_verify'] == '1'),
								'notify_admins'			=> ($forum_config['o_regs_report'] == '1')
								),
								$new_uid
						);

						if ($forum_user['language'] != 'English' && file_exists($ext_info['path'].'/lang/'.$forum_user['language'].'/'.$ext_info['id'].'.php'))
							require $ext_info['path'].'/lang/'.$forum_user['language'].'/'.$ext_info['id'].'.php';
						else
							require $ext_info['path'].'/lang/English/'.$ext_info['id'].'.php';

						$forum_flash->add_info($lang_admin_add_user['User added successfully']);

						if (isset($_POST['edit_identity']) && $_POST['edit_identity'] == 1)
							redirect(forum_link($forum_url['profile_identity'], $new_uid), $lang_admin_add_user['User added successfully']);

						$ext_admin_add_user_user_added = true;
					}
					else
						$ext_admin_add_user_user_added = false;
				}
			}
		]]>
		</hook>

		<hook id="ul_end">
		<![CDATA[
			if ($forum_user['g_id'] == FORUM_ADMIN)
			{
				if ($forum_user['language'] != 'English' && file_exists($ext_info['path'].'/lang/'.$forum_user['language'].'/'.$ext_info['id'].'.php'))
							require $ext_info['path'].'/lang/'.$forum_user['language'].'/'.$ext_info['id'].'.php';
						else
							require $ext_info['path'].'/lang/English/'.$ext_info['id'].'.php';

				$username = '';
				$email = '';
				$edit_identity = '';
				$result_message = '';

				if (isset($_POST['add_user_form_sent']) && $_POST['add_user_form_sent'] == 1)
				{
					if ($ext_admin_add_user_user_added === true)
						$result_message = '<div class="frm-info"><p>'.$lang_admin_add_user['User added successfully'].'/p></div>';
					else
					{
						$username = $_POST['req_username'];
						$email = $_POST['req_email'];
						$edit_identity = isset($_POST['edit_identity']);
					}
				}

				$buffer_old = ob_get_contents();

				ob_end_clean();

				ob_start();

				$pun_add_user_form_action = $base_url.'/userlist.php';

				// Get output buffer and insert form
				$pos = strpos($buffer_old, '<div class="main-foot">');
				echo substr($buffer_old, 0 , $pos);
				?>

				<div class="main-head">
					<h2 class="hn"><span><?php echo $lang_admin_add_user['Add user'] ?></span></h2>
				</div>
				<div class="main-content main-frm">
				<?php

				if (!empty($errors_add_users))
				{
					$error_li = array();
					for ($err_num = 0; $err_num < count($errors_add_users); $err_num++)
						$error_li[] = '<li class="warn"><span>'.$errors_add_users[$err_num].'</span></li>';

				?>
					<div class="ct-box error-box">
						<h2 class="warn hn"><?php echo $lang_admin_add_user['There are some errors']; ?></h2>
						<ul class="error-list">
						<?php echo implode("\n\t\t\t\t\t\t", $error_li)."\n" ?>
						</ul>
					</div>
				<?php } ?>
					<form class="frm-form" id="frm-adduser" action="<?php echo $pun_add_user_form_action ?>#adduser-content" method="post">
						<div class="hidden">
							<input type="hidden" name="csrf_token" value="<?php echo generate_form_token($pun_add_user_form_action) ?>" />
							<input type="hidden" name="add_user_form_sent" value="1" />
						</div>

						<div class="frm-group group1">
							<div class="sf-set set1">
								<div class="sf-box text required">
									<label for="add_user_username">
										<span><?php echo $lang_admin_add_user['Username'] ?></span>
										<small>
											<?php echo $lang_admin_add_user['Between 2 and 25 characters'] ?>
										</small>
									</label>
									<span class="fld-input"><input type="text" id="add_user_username" name="req_username" size="35" value="<?php echo $username ?>" maxlength="25" required /></span>
								</div>
							</div>

							<div class="sf-set set2">
								<div class="sf-box text required">
									<label for="add_user_email">
										<span><?php echo $lang_admin_add_user['E-mail'] ?></span>
										<small>
											<?php echo $lang_admin_add_user['Enter a current and valid e-mail address'] ?>
										</small>
									</label>
									<span class="fld-input"><input type="text" id="add_user_email" name="req_email" size="35" value="<?php echo $email ?>" maxlength="80" required/></span>
								</div>
							</div>

							<div class="sf-set set3">
								<div class="sf-box checkbox">
									<span class="fld-input"><input type="checkbox" id="add_user_edit_user_identity" name="edit_identity" value="1"<?php echo $edit_identity ? ' checked="checked"' : '' ?> /></span>
									<label for="add_user_edit_user_identity"><?php echo $lang_admin_add_user['Edit User Identity after adding User'] ?></label>
								</div>
							</div>
						</div>

						<div class="frm-buttons">
							<span class="submit primary"><input type="submit" name="submit" value="<?php echo $lang_admin_add_user['Add user'] ?>" /></span>
						</div>
					</form>
				</div>
				<?php

				echo substr($buffer_old, $pos, strlen($buffer_old) - $pos);
			}
		]]>
		</hook>
	</hooks>
</extension>
