<?xml version="1.0" encoding="utf-8"?>
<!DOCTYPE extension SYSTEM "ext-1.0.dtd">

<!--
/**
 * Pun Move Posts extension main file
 *
 * @copyright Copyright (C) 2009-2012 PunBB, partially based on code copyright (C) 2009 FluxBB.org
 * @license http://www.gnu.org/licenses/gpl.html GPL version 2 or higher
 * @package pun_move_posts
 */
-->

<extension engine="1.0">
	<id>pun_move_posts</id>
	<title>Pun Move Posts</title>
	<version>1.1.4</version>
	<description>This extension allows moderators to move posts to other topics.</description>
	<author>PunBB Development Team</author>

	<minversion>1.4RC1</minversion>
	<maxtestedon>1.4.2</maxtestedon>

	<hooks>
		<hook id="mr_post_actions_pre_mod_options"><![CDATA[
			$forum_page['mod_options'] = array_merge(array('<span class="submit first-item"><input type="submit" name="move_posts" value="'.$lang_pun_move_posts['Move selected'].'" /></span>'), $forum_page['mod_options']);
		]]></hook>

		<hook id="mr_post_actions_selected"><![CDATA[
			require $ext_info['path'].'/move_posts.php';
		]]></hook>

		<hook id="mr_start"><![CDATA[
			if ($forum_user['language'] != 'English' && file_exists($ext_info['path'].'/lang/'.$forum_user['language'].'/'.$ext_info['id'].'.php'))
				require $ext_info['path'].'/lang/'.$forum_user['language'].'/'.$ext_info['id'].'.php';
			else
				require $ext_info['path'].'/lang/English/'.$ext_info['id'].'.php';
		]]></hook>
	</hooks>
</extension>
