<?xml version="1.0" encoding="utf-8"?>
<!DOCTYPE extension SYSTEM "ext-1.0.dtd">

<!--
/**
 * pun_colored_usergroups extension main file
 *
 * @copyright Copyright (C) 2008-2012 PunBB
 * @license http://www.gnu.org/licenses/gpl.html GPL version 2 or higher
 * @package pun_colored_usergroups
 */
-->

<extension engine="1.0">
	<id>pun_colored_usergroups</id>
	<title>Colored usergroups</title>
	<version>1.2.4</version>
	<description>This extension allows setting specific colors for user groups.</description>
	<author>PunBB Development Team</author>

	<minversion>1.4RC1</minversion>
	<maxtestedon>1.4.2</maxtestedon>


	<install><![CDATA[
		if (!$forum_db->field_exists('groups', 'link_color'))
		{
			$forum_db->add_field('groups', 'link_color', 'VARCHAR(20)', true);
			$forum_db->add_field('groups', 'hover_color', 'VARCHAR(20)', true);
		}
	]]></install>

	<uninstall><![CDATA[
		$forum_db->drop_field('groups', 'link_color');
		$forum_db->drop_field('groups', 'hover_color');

		if (file_exists(FORUM_CACHE_DIR.'cache_pun_coloured_usergroups.php'))
		{
			unlink(FORUM_CACHE_DIR.'cache_pun_coloured_usergroups.php');
		}
	]]></uninstall>


	<hooks>
		<hook id="in_users_online_qr_get_online_info"><![CDATA[
			$query['SELECT'] .= ', u.group_id';
			$query['JOINS'][] = array(
				'LEFT JOIN'	=> 'users AS u',
				'ON'		=> 'u.id=o.user_id'
			);
		]]></hook>


		<hook id="agr_add_edit_group_pre_basic_details_fieldset_end"><![CDATA[
			if (file_exists($ext_info['path'].'/lang/'.$forum_user['language'].'/pun_colored_usergroups.php'))
					include $ext_info['path'].'/lang/'.$forum_user['language'].'/pun_colored_usergroups.php';
			else
					include $ext_info['path'].'/lang/English/pun_colored_usergroups.php';
			?>
				<div class="sf-set set<?php echo ++$forum_page['item_count'] ?>">
					<div class="sf-box text required">
						<label for="fld<?php echo ++$forum_page['fld_count'] ?>"><span><?php echo $lang_pun_colored_usergroups['link'] ?></span></label><br />
						<span class="fld-input"><input type="text" id="fld<?php echo $forum_page['fld_count'] ?>" name="link_color" size="20" maxlength="20" value="<?php echo forum_htmlencode($group['link_color']) ?>" /></span>
					</div>
					<div class="sf-box text required">
						<label for="fld<?php echo ++$forum_page['fld_count'] ?>"><span><?php echo $lang_pun_colored_usergroups['hover'] ?></span></label><br />
						<span class="fld-input"><input type="text" id="fld<?php echo $forum_page['fld_count'] ?>" name="hover_color" size="20" maxlength="20" value="<?php echo forum_htmlencode($group['hover_color']) ?>" /></span>
					</div>
				</div>
			<?php
		]]></hook>


		<hook id="agr_add_edit_end_validation"><![CDATA[
			$link_color = forum_trim($_POST['link_color']);
			$hover_color = forum_trim($_POST['hover_color']);
		]]></hook>


		<hook id="agr_add_end_qr_add_group"><![CDATA[
			if (!empty($link_color))
			{
				$query['INSERT'] .= ', link_color';
				$query['VALUES'] .= ',\''.$forum_db->escape($link_color).'\'';
			}

			if (!empty($hover_color))
			{
				$query['INSERT'] .= ', hover_color';
				$query['VALUES'] .= ',\''.$forum_db->escape($hover_color).'\'';
			}
		]]></hook>


		<hook id="agr_edit_end_qr_update_group"><![CDATA[
			if (!empty($link_color))
				$query['SET'] .= ', link_color = \''.$forum_db->escape($link_color).'\'';
			else
				$query['SET'] .= ', link_color = NULL';
			if (!empty($hover_color))
				$query['SET'] .= ', hover_color = \''.$forum_db->escape($hover_color).'\'';
			else
				$query['SET'] .= ', hover_color = NULL';
		]]></hook>


		<hook id="in_users_online_pre_online_info_output"><![CDATA[
			$users = array();
			$result = $forum_db->query_build($query) or error(__FILE__, __LINE__);

			while ($forum_user_online = $forum_db->fetch_assoc($result))
			{
				if ($forum_user_online['user_id'] > 1)
				{
					$users[] = ($forum_user['g_view_users'] == '1') ? '<span class="group_color_'.$forum_user_online['group_id'].'"><a href="'.forum_link($forum_url['user'], $forum_user_online['user_id']).'">'.forum_htmlencode($forum_user_online['ident']).'</a></span>' : forum_htmlencode($forum_user_online['ident']);
				};
			};
		]]></hook>


		<hook id="in_start, agr_start, vt_start, ul_start, pf_start"><![CDATA[
			if (!file_exists(FORUM_CACHE_DIR.'cache_pun_coloured_usergroups.php'))
			{
				if (!defined('CACHE_PUN_COLOURED_USERGROUPS_LOADED')) {
					require $ext_info['path'].'/main.php';
				}
				cache_pun_coloured_usergroups();
			}
		]]></hook>


		<hook id="hd_head"><![CDATA[
			if (file_exists(FORUM_CACHE_DIR.'cache_pun_coloured_usergroups.php'))
			{
				require FORUM_CACHE_DIR.'cache_pun_coloured_usergroups.php';
				$forum_loader->add_css($pun_colored_usergroups_cache, array('type' => 'inline', 'media' => 'screen'));
			}
		]]></hook>


		<hook id="vt_row_pre_post_ident_merge"><![CDATA[
			if ($cur_post['poster_id'] > 1)
				$forum_page['post_ident']['byline'] = '<span class="post-byline">'.sprintf((($cur_post['id'] == $cur_topic['first_post_id']) ? $lang_topic['Topic byline'] : $lang_topic['Reply byline']), (($forum_user['g_view_users'] == '1') ? '<em class="group_color_'.$cur_post['g_id'].'"><a title="'.sprintf($lang_topic['Go to profile'], forum_htmlencode($cur_post['username'])).'" href="'.forum_link($forum_url['user'], $cur_post['poster_id']).'">'.forum_htmlencode($cur_post['username']).'</a></em>' : '<strong>'.forum_htmlencode($cur_post['username']).'</strong>')).'</span>';
			else
				$forum_page['post_ident']['byline'] = '<span class="post-byline">'.sprintf((($cur_post['id'] == $cur_topic['first_post_id']) ? $lang_topic['Topic byline'] : $lang_topic['Reply byline']), '<strong>'.forum_htmlencode($cur_post['username']).'</strong>').'</span>';
		]]></hook>


		<hook id="ul_results_row_pre_data_output"><![CDATA[
			$forum_page['table_row']['username'] = '<td class="tc'.count($forum_page['table_row']).'"><span class="group_color_'.$user_data['g_id'].'"><a href="'.forum_link($forum_url['user'], $user_data['id']).'">'.forum_htmlencode($user_data['username']).'</a></span></td>';
		]]></hook>


		<hook id="pf_change_details_about_output_start"><![CDATA[
			$forum_page['user_ident']['username'] = '<li class="username'.(($user['realname'] =='') ? ' fn nickname' :  ' nickname').'"><strong class="group_color_'.$user['g_id'].'">'.forum_htmlencode($user['username']).'</strong></li>';
		]]></hook>


		<hook id="agr_add_edit_pre_redirect"><![CDATA[
			if (!defined('CACHE_PUN_COLOURED_USERGROUPS_LOADED')) {
				require $ext_info['path'].'/main.php';
			}
			cache_pun_coloured_usergroups();
		]]></hook>
	</hooks>
</extension>
