<?xml version="1.0" encoding="utf-8"?>
<!DOCTYPE extension SYSTEM "ext-1.0.dtd">

<!--
***********************************************************************

	Copyright (C) 2008-2012  PunBB

	PunBB is free software; you can redistribute it and/or modify it
	under the terms of the GNU General Public License as published
	by the Free Software Foundation; either version 2 of the License,
	or (at your option) any later version.

	PunBB is distributed in the hope that it will be useful, but
	WITHOUT ANY WARRANTY; without even the implied warranty of
	MERCHANTABILITY or FITNESS FOR A PARTICULAR PURPOSE.  See the
	GNU General Public License for more details.

	You should have received a copy of the GNU General Public License
	along with this program; if not, write to the Free Software
	Foundation, Inc., 59 Temple Place, Suite 330, Boston,
	MA  02111-1307  USA

***********************************************************************
-->

<extension engine="1.0">
	<id>pun_admin_clear_cache</id>
	<title>Admin Clear Cache</title>
	<version>1.1.5</version>
	<description>The link in the page footer to clear forum cache.</description>
	<author>PunBB Development Team</author>

	<minversion>1.4RC1</minversion>
	<maxtestedon>1.4.2</maxtestedon>


	<hooks>
		<hook id="mi_new_action"><![CDATA[
			if ($action == 'pun_admin_clear_cache')
			{
				if ($forum_user['language'] != 'English' && file_exists($ext_info['path'].'/lang/'.$forum_user['language'].'/'.$ext_info['id'].'.php'))
					require $ext_info['path'].'/lang/'.$forum_user['language'].'/'.$ext_info['id'].'.php';
				else
					require $ext_info['path'].'/lang/English/'.$ext_info['id'].'.php';

				if ($forum_user['g_id'] != FORUM_ADMIN)
					message($lang_common['No permission']);

				require_once $ext_info['path'].'/functions.php';

				pun_admin_clear_cache();

				$forum_flash->add_info($lang_pun_admin_clear_cache['Cleard']);

				redirect(forum_htmlencode($_GET['prev_url']), $lang_pun_admin_clear_cache['Cleard']);
			}
		]]></hook>

		<hook id="ft_debug_end"><![CDATA[
			if ($forum_user['g_id'] == FORUM_ADMIN)
			{
				if ($forum_user['language'] != 'English' && file_exists($ext_info['path'].'/lang/'.$forum_user['language'].'/'.$ext_info['id'].'.php'))
					require $ext_info['path'].'/lang/'.$forum_user['language'].'/'.$ext_info['id'].'.php';
				else
					require $ext_info['path'].'/lang/English/'.$ext_info['id'].'.php';

				?>
				<p style="font-size: 0.917em; text-align: right;"><a href="<?php echo FORUM_ROOT; ?>misc.php?action=pun_admin_clear_cache&prev_url=<?php echo urlencode(get_current_url(255));  ?>"><?php echo $lang_pun_admin_clear_cache['Clear cache']; ?></a></p>
				<?php
			}
		]]></hook>
</hooks>
</extension>
